{
  "config": {
    "bits": 4,
    "mode": "full",
    "n_rotor_seeds": 64,
    "calib_tokens": 970,
    "captured_layers": [
      0,
      1,
      2,
      3,
      4,
      5,
      6,
      7,
      8,
      9,
      10,
      11,
      12,
      13,
      14,
      15,
      16,
      17,
      18,
      19,
      20,
      21,
      22,
      23,
      24,
      25,
      26,
      27,
      28,
      29,
      30,
      31,
      32,
      33,
      34,
      35
    ],
    "head_dim": 128,
    "n_groups": 32
  },
  "per_layer": {
    "layer_0": {
      "seed": 27,
      "cosine_mean": 0.9824474453926086,
      "cosine_p05": 0.9701719284057617,
      "mse": 0.00030141204479150474,
      "n_vectors": 31040
    },
    "layer_1": {
      "seed": 47,
      "cosine_mean": 0.9864898920059204,
      "cosine_p05": 0.969567596912384,
      "mse": 0.00023635524848941714,
      "n_vectors": 31040
    },
    "layer_2": {
      "seed": 47,
      "cosine_mean": 0.9889609813690186,
      "cosine_p05": 0.9784102439880371,
      "mse": 0.00018849785556085408,
      "n_vectors": 31040
    },
    "layer_3": {
      "seed": 32,
      "cosine_mean": 0.9900829195976257,
      "cosine_p05": 0.9781778454780579,
      "mse": 0.001521264435723424,
      "n_vectors": 31040
    },
    "layer_4": {
      "seed": 2,
      "cosine_mean": 0.9862727522850037,
      "cosine_p05": 0.9726223349571228,
      "mse": 0.0002355002798140049,
      "n_vectors": 31040
    },
    "layer_5": {
      "seed": 61,
      "cosine_mean": 0.9918696880340576,
      "cosine_p05": 0.9833844304084778,
      "mse": 0.0018209064146503806,
      "n_vectors": 31040
    },
    "layer_6": {
      "seed": 52,
      "cosine_mean": 0.9941638112068176,
      "cosine_p05": 0.9889686703681946,
      "mse": 9.392589709023014e-05,
      "n_vectors": 31040
    },
    "layer_7": {
      "seed": 31,
      "cosine_mean": 0.9899115562438965,
      "cosine_p05": 0.9811497926712036,
      "mse": 0.005719847045838833,
      "n_vectors": 31040
    },
    "layer_8": {
      "seed": 8,
      "cosine_mean": 0.9914613962173462,
      "cosine_p05": 0.9821707010269165,
      "mse": 0.00014175339310895652,
      "n_vectors": 31040
    },
    "layer_9": {
      "seed": 53,
      "cosine_mean": 0.9937737584114075,
      "cosine_p05": 0.9886149764060974,
      "mse": 0.00010063069203170016,
      "n_vectors": 31040
    },
    "layer_10": {
      "seed": 24,
      "cosine_mean": 0.9925028085708618,
      "cosine_p05": 0.9831274747848511,
      "mse": 0.0001224224834004417,
      "n_vectors": 31040
    },
    "layer_11": {
      "seed": 17,
      "cosine_mean": 0.994064450263977,
      "cosine_p05": 0.9884751439094543,
      "mse": 9.544827480567619e-05,
      "n_vectors": 31040
    },
    "layer_12": {
      "seed": 32,
      "cosine_mean": 0.9936839938163757,
      "cosine_p05": 0.9874200224876404,
      "mse": 0.0035021924413740635,
      "n_vectors": 31040
    },
    "layer_13": {
      "seed": 27,
      "cosine_mean": 0.992761492729187,
      "cosine_p05": 0.9835730791091919,
      "mse": 0.005428798031061888,
      "n_vectors": 31040
    },
    "layer_14": {
      "seed": 32,
      "cosine_mean": 0.9925280213356018,
      "cosine_p05": 0.9839252829551697,
      "mse": 0.00012235026224516332,
      "n_vectors": 31040
    },
    "layer_15": {
      "seed": 23,
      "cosine_mean": 0.9899721145629883,
      "cosine_p05": 0.9766196012496948,
      "mse": 0.012887667864561081,
      "n_vectors": 31040
    },
    "layer_16": {
      "seed": 40,
      "cosine_mean": 0.9936745762825012,
      "cosine_p05": 0.9874845147132874,
      "mse": 0.00010218939132755622,
      "n_vectors": 31040
    },
    "layer_17": {
      "seed": 6,
      "cosine_mean": 0.9943786859512329,
      "cosine_p05": 0.9894785284996033,
      "mse": 9.00711675058119e-05,
      "n_vectors": 31040
    },
    "layer_18": {
      "seed": 57,
      "cosine_mean": 0.9939428567886353,
      "cosine_p05": 0.9874497056007385,
      "mse": 9.759700333233923e-05,
      "n_vectors": 31040
    },
    "layer_19": {
      "seed": 44,
      "cosine_mean": 0.9944064617156982,
      "cosine_p05": 0.9897056221961975,
      "mse": 0.011162281967699528,
      "n_vectors": 31040
    },
    "layer_20": {
      "seed": 16,
      "cosine_mean": 0.9937020540237427,
      "cosine_p05": 0.9872263073921204,
      "mse": 0.013665241189301014,
      "n_vectors": 31040
    },
    "layer_21": {
      "seed": 58,
      "cosine_mean": 0.9944106936454773,
      "cosine_p05": 0.9904563426971436,
      "mse": 0.016759831458330154,
      "n_vectors": 31040
    },
    "layer_22": {
      "seed": 32,
      "cosine_mean": 0.9942418336868286,
      "cosine_p05": 0.9889576435089111,
      "mse": 9.230092109646648e-05,
      "n_vectors": 31040
    },
    "layer_23": {
      "seed": 13,
      "cosine_mean": 0.994853138923645,
      "cosine_p05": 0.9912541508674622,
      "mse": 0.010677678510546684,
      "n_vectors": 31040
    },
    "layer_24": {
      "seed": 8,
      "cosine_mean": 0.9943071007728577,
      "cosine_p05": 0.9896649718284607,
      "mse": 9.136884182225913e-05,
      "n_vectors": 31040
    },
    "layer_25": {
      "seed": 0,
      "cosine_mean": 0.9939914345741272,
      "cosine_p05": 0.988339364528656,
      "mse": 9.659180796006694e-05,
      "n_vectors": 31040
    },
    "layer_26": {
      "seed": 33,
      "cosine_mean": 0.9948833584785461,
      "cosine_p05": 0.9917603135108948,
      "mse": 0.010725005529820919,
      "n_vectors": 31040
    },
    "layer_27": {
      "seed": 52,
      "cosine_mean": 0.9948280453681946,
      "cosine_p05": 0.9912016987800598,
      "mse": 0.009367547929286957,
      "n_vectors": 31040
    },
    "layer_28": {
      "seed": 51,
      "cosine_mean": 0.9946734309196472,
      "cosine_p05": 0.9907302856445312,
      "mse": 0.008467261679470539,
      "n_vectors": 31040
    },
    "layer_29": {
      "seed": 46,
      "cosine_mean": 0.9946348071098328,
      "cosine_p05": 0.9905306100845337,
      "mse": 0.008396752178668976,
      "n_vectors": 31040
    },
    "layer_30": {
      "seed": 34,
      "cosine_mean": 0.9952844977378845,
      "cosine_p05": 0.9932786822319031,
      "mse": 7.49299069866538e-05,
      "n_vectors": 31040
    },
    "layer_31": {
      "seed": 49,
      "cosine_mean": 0.9935374855995178,
      "cosine_p05": 0.9874547719955444,
      "mse": 0.00010467360698385164,
      "n_vectors": 31040
    },
    "layer_32": {
      "seed": 5,
      "cosine_mean": 0.9951366186141968,
      "cosine_p05": 0.9924123883247375,
      "mse": 7.738925341982394e-05,
      "n_vectors": 31040
    },
    "layer_33": {
      "seed": 57,
      "cosine_mean": 0.995115339756012,
      "cosine_p05": 0.9923296570777893,
      "mse": 0.011275356635451317,
      "n_vectors": 31040
    },
    "layer_34": {
      "seed": 28,
      "cosine_mean": 0.9946726560592651,
      "cosine_p05": 0.9907403588294983,
      "mse": 0.010131023824214935,
      "n_vectors": 31040
    },
    "layer_35": {
      "seed": 58,
      "cosine_mean": 0.9949945211410522,
      "cosine_p05": 0.9918591380119324,
      "mse": 7.977231871336699e-05,
      "n_vectors": 31040
    }
  }
}