{
  "config": {
    "bits": 3,
    "mode": "full",
    "n_rotor_seeds": 64,
    "calib_tokens": 970,
    "captured_layers": [
      0,
      1,
      2,
      3,
      4,
      5,
      6,
      7,
      8,
      9,
      10,
      11,
      12,
      13,
      14,
      15,
      16,
      17,
      18,
      19,
      20,
      21,
      22,
      23,
      24,
      25,
      26,
      27,
      28,
      29,
      30,
      31,
      32,
      33,
      34,
      35
    ],
    "head_dim": 128,
    "n_groups": 32
  },
  "per_layer": {
    "layer_0": {
      "seed": 27,
      "cosine_mean": 0.9438793659210205,
      "cosine_p05": 0.9310778975486755,
      "mse": 1.7190343141555786,
      "n_vectors": 31040
    },
    "layer_1": {
      "seed": 47,
      "cosine_mean": 0.9611044526100159,
      "cosine_p05": 0.9316666126251221,
      "mse": 0.011061928234994411,
      "n_vectors": 31040
    },
    "layer_2": {
      "seed": 47,
      "cosine_mean": 0.9653581380844116,
      "cosine_p05": 0.9467167854309082,
      "mse": 0.010472356341779232,
      "n_vectors": 31040
    },
    "layer_3": {
      "seed": 42,
      "cosine_mean": 0.9703957438468933,
      "cosine_p05": 0.9524843096733093,
      "mse": 0.004360142629593611,
      "n_vectors": 31040
    },
    "layer_4": {
      "seed": 28,
      "cosine_mean": 0.9603371024131775,
      "cosine_p05": 0.9364834427833557,
      "mse": 0.012180437333881855,
      "n_vectors": 31040
    },
    "layer_5": {
      "seed": 61,
      "cosine_mean": 0.9733400344848633,
      "cosine_p05": 0.9586325883865356,
      "mse": 0.005882245022803545,
      "n_vectors": 31040
    },
    "layer_6": {
      "seed": 52,
      "cosine_mean": 0.9783552289009094,
      "cosine_p05": 0.9660928845405579,
      "mse": 0.0038083840627223253,
      "n_vectors": 31040
    },
    "layer_7": {
      "seed": 31,
      "cosine_mean": 0.9685251116752625,
      "cosine_p05": 0.9536857008934021,
      "mse": 0.017271582037210464,
      "n_vectors": 31040
    },
    "layer_8": {
      "seed": 8,
      "cosine_mean": 0.9722728133201599,
      "cosine_p05": 0.9565913677215576,
      "mse": 0.011382515542209148,
      "n_vectors": 31040
    },
    "layer_9": {
      "seed": 10,
      "cosine_mean": 0.9768480658531189,
      "cosine_p05": 0.9647156000137329,
      "mse": 0.02252035029232502,
      "n_vectors": 31040
    },
    "layer_10": {
      "seed": 24,
      "cosine_mean": 0.9755781292915344,
      "cosine_p05": 0.9599560499191284,
      "mse": 0.010580793023109436,
      "n_vectors": 31040
    },
    "layer_11": {
      "seed": 17,
      "cosine_mean": 0.9782843589782715,
      "cosine_p05": 0.9662985801696777,
      "mse": 0.010013150051236153,
      "n_vectors": 31040
    },
    "layer_12": {
      "seed": 29,
      "cosine_mean": 0.9782077074050903,
      "cosine_p05": 0.965623140335083,
      "mse": 0.01196906715631485,
      "n_vectors": 31040
    },
    "layer_13": {
      "seed": 27,
      "cosine_mean": 0.9761362671852112,
      "cosine_p05": 0.9590730667114258,
      "mse": 0.017592648044228554,
      "n_vectors": 31040
    },
    "layer_14": {
      "seed": 32,
      "cosine_mean": 0.9747880101203918,
      "cosine_p05": 0.9583753347396851,
      "mse": 0.025126753374934196,
      "n_vectors": 31040
    },
    "layer_15": {
      "seed": 23,
      "cosine_mean": 0.9708818197250366,
      "cosine_p05": 0.9494077563285828,
      "mse": 0.03595951944589615,
      "n_vectors": 31040
    },
    "layer_16": {
      "seed": 40,
      "cosine_mean": 0.9778032302856445,
      "cosine_p05": 0.9643544554710388,
      "mse": 0.025713996961712837,
      "n_vectors": 31040
    },
    "layer_17": {
      "seed": 20,
      "cosine_mean": 0.9798888564109802,
      "cosine_p05": 0.9691900610923767,
      "mse": 0.026875721290707588,
      "n_vectors": 31040
    },
    "layer_18": {
      "seed": 57,
      "cosine_mean": 0.9788547158241272,
      "cosine_p05": 0.9648609161376953,
      "mse": 0.02934989705681801,
      "n_vectors": 31040
    },
    "layer_19": {
      "seed": 44,
      "cosine_mean": 0.9800298810005188,
      "cosine_p05": 0.9694290161132812,
      "mse": 0.039187151938676834,
      "n_vectors": 31040
    },
    "layer_20": {
      "seed": 16,
      "cosine_mean": 0.9781304001808167,
      "cosine_p05": 0.9649866223335266,
      "mse": 0.0474771186709404,
      "n_vectors": 31040
    },
    "layer_21": {
      "seed": 58,
      "cosine_mean": 0.9794684052467346,
      "cosine_p05": 0.9704362154006958,
      "mse": 0.060764435678720474,
      "n_vectors": 31040
    },
    "layer_22": {
      "seed": 32,
      "cosine_mean": 0.9794306755065918,
      "cosine_p05": 0.9685385227203369,
      "mse": 0.03455919772386551,
      "n_vectors": 31040
    },
    "layer_23": {
      "seed": 13,
      "cosine_mean": 0.9812313914299011,
      "cosine_p05": 0.9723271727561951,
      "mse": 0.03842015936970711,
      "n_vectors": 31040
    },
    "layer_24": {
      "seed": 8,
      "cosine_mean": 0.9795065522193909,
      "cosine_p05": 0.9692124724388123,
      "mse": 0.057104624807834625,
      "n_vectors": 31040
    },
    "layer_25": {
      "seed": 0,
      "cosine_mean": 0.9789360165596008,
      "cosine_p05": 0.9668546319007874,
      "mse": 0.0305230263620615,
      "n_vectors": 31040
    },
    "layer_26": {
      "seed": 33,
      "cosine_mean": 0.9815294146537781,
      "cosine_p05": 0.9730872511863708,
      "mse": 0.03787264600396156,
      "n_vectors": 31040
    },
    "layer_27": {
      "seed": 52,
      "cosine_mean": 0.9811252951622009,
      "cosine_p05": 0.9720786809921265,
      "mse": 0.03370096907019615,
      "n_vectors": 31040
    },
    "layer_28": {
      "seed": 51,
      "cosine_mean": 0.9806985259056091,
      "cosine_p05": 0.9711687564849854,
      "mse": 0.030187109485268593,
      "n_vectors": 31040
    },
    "layer_29": {
      "seed": 50,
      "cosine_mean": 0.9805493354797363,
      "cosine_p05": 0.9708796739578247,
      "mse": 0.029890473932027817,
      "n_vectors": 31040
    },
    "layer_30": {
      "seed": 34,
      "cosine_mean": 0.9818984866142273,
      "cosine_p05": 0.9746235609054565,
      "mse": 0.0332782007753849,
      "n_vectors": 31040
    },
    "layer_31": {
      "seed": 10,
      "cosine_mean": 0.9773201942443848,
      "cosine_p05": 0.96502685546875,
      "mse": 0.043638478964567184,
      "n_vectors": 31040
    },
    "layer_32": {
      "seed": 5,
      "cosine_mean": 0.9821653962135315,
      "cosine_p05": 0.9743019938468933,
      "mse": 0.031171442940831184,
      "n_vectors": 31040
    },
    "layer_33": {
      "seed": 57,
      "cosine_mean": 0.9821140170097351,
      "cosine_p05": 0.974473237991333,
      "mse": 0.04078495129942894,
      "n_vectors": 31040
    },
    "layer_34": {
      "seed": 28,
      "cosine_mean": 0.9806482791900635,
      "cosine_p05": 0.971190869808197,
      "mse": 0.03621407598257065,
      "n_vectors": 31040
    },
    "layer_35": {
      "seed": 58,
      "cosine_mean": 0.9816433787345886,
      "cosine_p05": 0.9732691645622253,
      "mse": 0.028679070994257927,
      "n_vectors": 31040
    }
  }
}