{
  "config": {
    "bits": 3,
    "mode": "full",
    "n_rotor_seeds": 64,
    "calib_tokens": 203,
    "captured_layers": [
      0,
      4,
      8,
      12,
      16,
      20,
      24,
      28,
      32,
      35
    ],
    "head_dim": 128,
    "n_groups": 32
  },
  "per_layer": {
    "layer_0": {
      "seed": 27,
      "cosine_mean": 0.9440357089042664,
      "cosine_p05": 0.9311222434043884,
      "mse": 1.6931239366531372,
      "n_vectors": 6496
    },
    "layer_4": {
      "seed": 36,
      "cosine_mean": 0.9602081775665283,
      "cosine_p05": 0.9377514719963074,
      "mse": 0.012678105384111404,
      "n_vectors": 6496
    },
    "layer_8": {
      "seed": 8,
      "cosine_mean": 0.9721847176551819,
      "cosine_p05": 0.9564846754074097,
      "mse": 0.01160996314138174,
      "n_vectors": 6496
    },
    "layer_12": {
      "seed": 29,
      "cosine_mean": 0.9780972599983215,
      "cosine_p05": 0.9651623368263245,
      "mse": 0.012090039439499378,
      "n_vectors": 6496
    },
    "layer_16": {
      "seed": 10,
      "cosine_mean": 0.9775552153587341,
      "cosine_p05": 0.9629860520362854,
      "mse": 0.02593381702899933,
      "n_vectors": 6496
    },
    "layer_20": {
      "seed": 63,
      "cosine_mean": 0.9778335690498352,
      "cosine_p05": 0.9641135334968567,
      "mse": 0.04836772754788399,
      "n_vectors": 6496
    },
    "layer_24": {
      "seed": 20,
      "cosine_mean": 0.9794682264328003,
      "cosine_p05": 0.9692459106445312,
      "mse": 0.05720800906419754,
      "n_vectors": 6496
    },
    "layer_28": {
      "seed": 32,
      "cosine_mean": 0.9806832671165466,
      "cosine_p05": 0.9711786508560181,
      "mse": 0.029950745403766632,
      "n_vectors": 6496
    },
    "layer_32": {
      "seed": 0,
      "cosine_mean": 0.982300877571106,
      "cosine_p05": 0.9747816324234009,
      "mse": 0.031297337263822556,
      "n_vectors": 6496
    },
    "layer_35": {
      "seed": 58,
      "cosine_mean": 0.9818748831748962,
      "cosine_p05": 0.973861813545227,
      "mse": 0.028345555067062378,
      "n_vectors": 6496
    }
  }
}