{
  "config": {
    "bits": 4,
    "mode": "full",
    "n_rotor_seeds": 64,
    "calib_tokens": 4031,
    "captured_layers": [
      0,
      1,
      2,
      3,
      4,
      5,
      6,
      7,
      8,
      9,
      10,
      11,
      12,
      13,
      14,
      15,
      16,
      17,
      18,
      19,
      20,
      21,
      22,
      23,
      24,
      25,
      26,
      27,
      28,
      29,
      30,
      31,
      32,
      33,
      34,
      35
    ],
    "head_dim": 128,
    "n_groups": 32
  },
  "per_layer": {
    "layer_0": {
      "k_seed": 27,
      "k_cosine_mean": 0.9815582036972046,
      "k_cosine_p05": 0.9738664627075195,
      "k_mse": 0.6259344220161438,
      "k_n_vectors": 128992,
      "v_seed": 5,
      "v_cosine_mean": 0.9935531616210938,
      "v_cosine_p05": 0.9860759377479553,
      "v_mse": 1.589007183611102e-06,
      "v_n_vectors": 128992
    },
    "layer_1": {
      "k_seed": 58,
      "k_cosine_mean": 0.9867457151412964,
      "k_cosine_p05": 0.9721952080726624,
      "k_mse": 0.004477124195545912,
      "k_n_vectors": 128992,
      "v_seed": 7,
      "v_cosine_mean": 0.9946700930595398,
      "v_cosine_p05": 0.9901210069656372,
      "v_mse": 6.448582553275628e-06,
      "v_n_vectors": 128992
    },
    "layer_2": {
      "k_seed": 47,
      "k_cosine_mean": 0.9887852668762207,
      "k_cosine_p05": 0.9776592254638672,
      "k_mse": 0.003523060353472829,
      "k_n_vectors": 128992,
      "v_seed": 0,
      "v_cosine_mean": 0.9951529502868652,
      "v_cosine_p05": 0.9925541877746582,
      "v_mse": 8.909873031370807e-06,
      "v_n_vectors": 128992
    },
    "layer_3": {
      "k_seed": 32,
      "k_cosine_mean": 0.9903799891471863,
      "k_cosine_p05": 0.9786118865013123,
      "k_mse": 0.0014651715755462646,
      "k_n_vectors": 128992,
      "v_seed": 3,
      "v_cosine_mean": 0.9951124787330627,
      "v_cosine_p05": 0.9923173785209656,
      "v_mse": 3.043311880901456e-05,
      "v_n_vectors": 128992
    },
    "layer_4": {
      "k_seed": 2,
      "k_cosine_mean": 0.9844065308570862,
      "k_cosine_p05": 0.968996524810791,
      "k_mse": 0.005122355651110411,
      "k_n_vectors": 128992,
      "v_seed": 4,
      "v_cosine_mean": 0.9953176379203796,
      "v_cosine_p05": 0.9932987093925476,
      "v_mse": 3.657042179838754e-05,
      "v_n_vectors": 128992
    },
    "layer_5": {
      "k_seed": 61,
      "k_cosine_mean": 0.9918209314346313,
      "k_cosine_p05": 0.9833797812461853,
      "k_mse": 0.0018541065510362387,
      "k_n_vectors": 128992,
      "v_seed": 60,
      "v_cosine_mean": 0.9953038692474365,
      "v_cosine_p05": 0.9932107925415039,
      "v_mse": 5.092113133287057e-05,
      "v_n_vectors": 128992
    },
    "layer_6": {
      "k_seed": 52,
      "k_cosine_mean": 0.9937613606452942,
      "k_cosine_p05": 0.9880696535110474,
      "k_mse": 0.0011416285997256637,
      "k_n_vectors": 128992,
      "v_seed": 32,
      "v_cosine_mean": 0.995327353477478,
      "v_cosine_p05": 0.9933141469955444,
      "v_mse": 7.58957103244029e-05,
      "v_n_vectors": 128992
    },
    "layer_7": {
      "k_seed": 31,
      "k_cosine_mean": 0.9898307919502258,
      "k_cosine_p05": 0.9815689921379089,
      "k_mse": 0.005901805590838194,
      "k_n_vectors": 128992,
      "v_seed": 27,
      "v_cosine_mean": 0.9952936172485352,
      "v_cosine_p05": 0.9931551218032837,
      "v_mse": 8.795398025540635e-05,
      "v_n_vectors": 128992
    },
    "layer_8": {
      "k_seed": 26,
      "k_cosine_mean": 0.9912520051002502,
      "k_cosine_p05": 0.9818463921546936,
      "k_mse": 0.003742690896615386,
      "k_n_vectors": 128992,
      "v_seed": 8,
      "v_cosine_mean": 0.9952986240386963,
      "v_cosine_p05": 0.9931825995445251,
      "v_mse": 0.0001639011752558872,
      "v_n_vectors": 128992
    },
    "layer_9": {
      "k_seed": 53,
      "k_cosine_mean": 0.99327552318573,
      "k_cosine_p05": 0.9872714281082153,
      "k_mse": 0.006844721268862486,
      "k_n_vectors": 128992,
      "v_seed": 32,
      "v_cosine_mean": 0.9953120350837708,
      "v_cosine_p05": 0.993256688117981,
      "v_mse": 0.0004947779816575348,
      "v_n_vectors": 128992
    },
    "layer_10": {
      "k_seed": 14,
      "k_cosine_mean": 0.9924759268760681,
      "k_cosine_p05": 0.9830402731895447,
      "k_mse": 0.003355307038873434,
      "k_n_vectors": 128992,
      "v_seed": 52,
      "v_cosine_mean": 0.9949658513069153,
      "v_cosine_p05": 0.9916009306907654,
      "v_mse": 0.00025743991136550903,
      "v_n_vectors": 128992
    },
    "layer_11": {
      "k_seed": 17,
      "k_cosine_mean": 0.9937286376953125,
      "k_cosine_p05": 0.9876792430877686,
      "k_mse": 0.0030054827220737934,
      "k_n_vectors": 128992,
      "v_seed": 51,
      "v_cosine_mean": 0.9953747391700745,
      "v_cosine_p05": 0.9935227632522583,
      "v_mse": 0.0005553794908337295,
      "v_n_vectors": 128992
    },
    "layer_12": {
      "k_seed": 29,
      "k_cosine_mean": 0.9937289953231812,
      "k_cosine_p05": 0.9871882796287537,
      "k_mse": 0.0035339274909347296,
      "k_n_vectors": 128992,
      "v_seed": 50,
      "v_cosine_mean": 0.9953755140304565,
      "v_cosine_p05": 0.9935486912727356,
      "v_mse": 0.0007584731793031096,
      "v_n_vectors": 128992
    },
    "layer_13": {
      "k_seed": 27,
      "k_cosine_mean": 0.9926326870918274,
      "k_cosine_p05": 0.9830395579338074,
      "k_mse": 0.005605904385447502,
      "k_n_vectors": 128992,
      "v_seed": 42,
      "v_cosine_mean": 0.9953359961509705,
      "v_cosine_p05": 0.9933618307113647,
      "v_mse": 0.0006298011867329478,
      "v_n_vectors": 128992
    },
    "layer_14": {
      "k_seed": 32,
      "k_cosine_mean": 0.9920046329498291,
      "k_cosine_p05": 0.9825754761695862,
      "k_mse": 0.008303191512823105,
      "k_n_vectors": 128992,
      "v_seed": 56,
      "v_cosine_mean": 0.9953076243400574,
      "v_cosine_p05": 0.9932124018669128,
      "v_mse": 0.0009382001007907093,
      "v_n_vectors": 128992
    },
    "layer_15": {
      "k_seed": 23,
      "k_cosine_mean": 0.9892826676368713,
      "k_cosine_p05": 0.9747224450111389,
      "k_mse": 0.013988453894853592,
      "k_n_vectors": 128992,
      "v_seed": 57,
      "v_cosine_mean": 0.9953297972679138,
      "v_cosine_p05": 0.9933186769485474,
      "v_mse": 0.0012279644142836332,
      "v_n_vectors": 128992
    },
    "layer_16": {
      "k_seed": 40,
      "k_cosine_mean": 0.993452787399292,
      "k_cosine_p05": 0.9860883951187134,
      "k_mse": 0.007783978246152401,
      "k_n_vectors": 128992,
      "v_seed": 0,
      "v_cosine_mean": 0.9953616261482239,
      "v_cosine_p05": 0.9934890270233154,
      "v_mse": 0.001950375153683126,
      "v_n_vectors": 128992
    },
    "layer_17": {
      "k_seed": 6,
      "k_cosine_mean": 0.9942457675933838,
      "k_cosine_p05": 0.9889715909957886,
      "k_mse": 0.007860769517719746,
      "k_n_vectors": 128992,
      "v_seed": 50,
      "v_cosine_mean": 0.9953605532646179,
      "v_cosine_p05": 0.9934872388839722,
      "v_mse": 0.002765954937785864,
      "v_n_vectors": 128992
    },
    "layer_18": {
      "k_seed": 57,
      "k_cosine_mean": 0.9938274025917053,
      "k_cosine_p05": 0.9868233799934387,
      "k_mse": 0.008689047768712044,
      "k_n_vectors": 128992,
      "v_seed": 0,
      "v_cosine_mean": 0.9953606128692627,
      "v_cosine_p05": 0.9934606552124023,
      "v_mse": 0.0022192802280187607,
      "v_n_vectors": 128992
    },
    "layer_19": {
      "k_seed": 20,
      "k_cosine_mean": 0.9943965673446655,
      "k_cosine_p05": 0.9897935390472412,
      "k_mse": 0.011108302511274815,
      "k_n_vectors": 128992,
      "v_seed": 0,
      "v_cosine_mean": 0.9953884482383728,
      "v_cosine_p05": 0.9935790300369263,
      "v_mse": 0.0034597604535520077,
      "v_n_vectors": 128992
    },
    "layer_20": {
      "k_seed": 16,
      "k_cosine_mean": 0.9937620759010315,
      "k_cosine_p05": 0.9874184131622314,